chave_data,dia,mes,mes_descricao,ano,dia_semana
20200101,1,1,janeiro,2020,quarta-feira
20200102,2,1,janeiro,2020,quinta-feira
20200103,3,1,janeiro,2020,sexta-feira
20200104,4,1,janeiro,2020,sábado
20200105,5,1,janeiro,2020,domingo
20200106,6,1,janeiro,2020,segunda-feira
20200107,7,1,janeiro,2020,terça-feira
20200108,8,1,janeiro,2020,quarta-feira
20200109,9,1,janeiro,2020,quinta-feira
20200110,10,1,janeiro,2020,sexta-feira
20200111,11,1,janeiro,2020,sábado
20200112,12,1,janeiro,2020,domingo
20200113,13,1,janeiro,2020,segunda-feira
20200114,14,1,janeiro,2020,terça-feira
20200115,15,1,janeiro,2020,quarta-feira
20200116,16,1,janeiro,2020,quinta-feira
20200117,17,1,janeiro,2020,sexta-feira
20200118,18,1,janeiro,2020,sábado
20200119,19,1,janeiro,2020,domingo
20200120,20,1,janeiro,2020,segunda-feira
20200121,21,1,janeiro,2020,terça-feira
20200122,22,1,janeiro,2020,quarta-feira
20200123,23,1,janeiro,2020,quinta-feira
20200124,24,1,janeiro,2020,sexta-feira
20200125,25,1,janeiro,2020,sábado
20200126,26,1,janeiro,2020,domingo
20200127,27,1,janeiro,2020,segunda-feira
20200128,28,1,janeiro,2020,terça-feira
20200129,29,1,janeiro,2020,quarta-feira
20200130,30,1,janeiro,2020,quinta-feira
20200131,31,1,janeiro,2020,sexta-feira
20200201,1,2,fevereiro,2020,sábado
20200202,2,2,fevereiro,2020,domingo
20200203,3,2,fevereiro,2020,segunda-feira
20200204,4,2,fevereiro,2020,terça-feira
20200205,5,2,fevereiro,2020,quarta-feira
20200206,6,2,fevereiro,2020,quinta-feira
20200207,7,2,fevereiro,2020,sexta-feira
20200208,8,2,fevereiro,2020,sábado
20200209,9,2,fevereiro,2020,domingo
20200210,10,2,fevereiro,2020,segunda-feira
20200211,11,2,fevereiro,2020,terça-feira
20200212,12,2,fevereiro,2020,quarta-feira
20200213,13,2,fevereiro,2020,quinta-feira
20200214,14,2,fevereiro,2020,sexta-feira
20200215,15,2,fevereiro,2020,sábado
20200216,16,2,fevereiro,2020,domingo
20200217,17,2,fevereiro,2020,segunda-feira
20200218,18,2,fevereiro,2020,terça-feira
20200219,19,2,fevereiro,2020,quarta-feira
20200220,20,2,fevereiro,2020,quinta-feira
20200221,21,2,fevereiro,2020,sexta-feira
20200222,22,2,fevereiro,2020,sábado
20200223,23,2,fevereiro,2020,domingo
20200224,24,2,fevereiro,2020,segunda-feira
20200225,25,2,fevereiro,2020,terça-feira
20200226,26,2,fevereiro,2020,quarta-feira
20200227,27,2,fevereiro,2020,quinta-feira
20200228,28,2,fevereiro,2020,sexta-feira
20200229,29,2,fevereiro,2020,sábado
20200301,1,3,março,2020,domingo
20200302,2,3,março,2020,segunda-feira
20200303,3,3,março,2020,terça-feira
20200304,4,3,março,2020,quarta-feira
20200305,5,3,março,2020,quinta-feira
20200306,6,3,março,2020,sexta-feira
20200307,7,3,março,2020,sábado
20200308,8,3,março,2020,domingo
20200309,9,3,março,2020,segunda-feira
20200310,10,3,março,2020,terça-feira
20200311,11,3,março,2020,quarta-feira
20200312,12,3,março,2020,quinta-feira
20200313,13,3,março,2020,sexta-feira
20200314,14,3,março,2020,sábado
20200315,15,3,março,2020,domingo
20200316,16,3,março,2020,segunda-feira
20200317,17,3,março,2020,terça-feira
20200318,18,3,março,2020,quarta-feira
20200319,19,3,março,2020,quinta-feira
20200320,20,3,março,2020,sexta-feira
20200321,21,3,março,2020,sábado
20200322,22,3,março,2020,domingo
20200323,23,3,março,2020,segunda-feira
20200324,24,3,março,2020,terça-feira
20200325,25,3,março,2020,quarta-feira
20200326,26,3,março,2020,quinta-feira
20200327,27,3,março,2020,sexta-feira
20200328,28,3,março,2020,sábado
20200329,29,3,março,2020,domingo
20200330,30,3,março,2020,segunda-feira
20200331,31,3,março,2020,terça-feira
20200401,1,4,abril,2020,quarta-feira
20200402,2,4,abril,2020,quinta-feira
20200403,3,4,abril,2020,sexta-feira
20200404,4,4,abril,2020,sábado
20200405,5,4,abril,2020,domingo
20200406,6,4,abril,2020,segunda-feira
20200407,7,4,abril,2020,terça-feira
20200408,8,4,abril,2020,quarta-feira
20200409,9,4,abril,2020,quinta-feira
20200410,10,4,abril,2020,sexta-feira
20200411,11,4,abril,2020,sábado
20200412,12,4,abril,2020,domingo
20200413,13,4,abril,2020,segunda-feira
20200414,14,4,abril,2020,terça-feira
20200415,15,4,abril,2020,quarta-feira
20200416,16,4,abril,2020,quinta-feira
20200417,17,4,abril,2020,sexta-feira
20200418,18,4,abril,2020,sábado
20200419,19,4,abril,2020,domingo
20200420,20,4,abril,2020,segunda-feira
20200421,21,4,abril,2020,terça-feira
20200422,22,4,abril,2020,quarta-feira
20200423,23,4,abril,2020,quinta-feira
20200424,24,4,abril,2020,sexta-feira
20200425,25,4,abril,2020,sábado
20200426,26,4,abril,2020,domingo
20200427,27,4,abril,2020,segunda-feira
20200428,28,4,abril,2020,terça-feira
20200429,29,4,abril,2020,quarta-feira
20200430,30,4,abril,2020,quinta-feira
20200501,1,5,maio,2020,sexta-feira
20200502,2,5,maio,2020,sábado
20200503,3,5,maio,2020,domingo
20200504,4,5,maio,2020,segunda-feira
20200505,5,5,maio,2020,terça-feira
20200506,6,5,maio,2020,quarta-feira
20200507,7,5,maio,2020,quinta-feira
20200508,8,5,maio,2020,sexta-feira
20200509,9,5,maio,2020,sábado
20200510,10,5,maio,2020,domingo
20200511,11,5,maio,2020,segunda-feira
20200512,12,5,maio,2020,terça-feira
20200513,13,5,maio,2020,quarta-feira
20200514,14,5,maio,2020,quinta-feira
20200515,15,5,maio,2020,sexta-feira
20200516,16,5,maio,2020,sábado
20200517,17,5,maio,2020,domingo
20200518,18,5,maio,2020,segunda-feira
20200519,19,5,maio,2020,terça-feira
20200520,20,5,maio,2020,quarta-feira
20200521,21,5,maio,2020,quinta-feira
20200522,22,5,maio,2020,sexta-feira
20200523,23,5,maio,2020,sábado
20200524,24,5,maio,2020,domingo
20200525,25,5,maio,2020,segunda-feira
20200526,26,5,maio,2020,terça-feira
20200527,27,5,maio,2020,quarta-feira
20200528,28,5,maio,2020,quinta-feira
20200529,29,5,maio,2020,sexta-feira
20200530,30,5,maio,2020,sábado
20200531,31,5,maio,2020,domingo
20200601,1,6,junho,2020,segunda-feira
20200602,2,6,junho,2020,terça-feira
20200603,3,6,junho,2020,quarta-feira
20200604,4,6,junho,2020,quinta-feira
20200605,5,6,junho,2020,sexta-feira
20200606,6,6,junho,2020,sábado
20200607,7,6,junho,2020,domingo
20200608,8,6,junho,2020,segunda-feira
20200609,9,6,junho,2020,terça-feira
20200610,10,6,junho,2020,quarta-feira
20200611,11,6,junho,2020,quinta-feira
20200612,12,6,junho,2020,sexta-feira
20200613,13,6,junho,2020,sábado
20200614,14,6,junho,2020,domingo
20200615,15,6,junho,2020,segunda-feira
20200616,16,6,junho,2020,terça-feira
20200617,17,6,junho,2020,quarta-feira
20200618,18,6,junho,2020,quinta-feira
20200619,19,6,junho,2020,sexta-feira
20200620,20,6,junho,2020,sábado
20200621,21,6,junho,2020,domingo
20200622,22,6,junho,2020,segunda-feira
20200623,23,6,junho,2020,terça-feira
20200624,24,6,junho,2020,quarta-feira
20200625,25,6,junho,2020,quinta-feira
20200626,26,6,junho,2020,sexta-feira
20200627,27,6,junho,2020,sábado
20200628,28,6,junho,2020,domingo
20200629,29,6,junho,2020,segunda-feira
20200630,30,6,junho,2020,terça-feira
20200701,1,7,julho,2020,quarta-feira
20200702,2,7,julho,2020,quinta-feira
20200703,3,7,julho,2020,sexta-feira
20200704,4,7,julho,2020,sábado
20200705,5,7,julho,2020,domingo
20200706,6,7,julho,2020,segunda-feira
20200707,7,7,julho,2020,terça-feira
20200708,8,7,julho,2020,quarta-feira
20200709,9,7,julho,2020,quinta-feira
20200710,10,7,julho,2020,sexta-feira
20200711,11,7,julho,2020,sábado
20200712,12,7,julho,2020,domingo
20200713,13,7,julho,2020,segunda-feira
20200714,14,7,julho,2020,terça-feira
20200715,15,7,julho,2020,quarta-feira
20200716,16,7,julho,2020,quinta-feira
20200717,17,7,julho,2020,sexta-feira
20200718,18,7,julho,2020,sábado
20200719,19,7,julho,2020,domingo
20200720,20,7,julho,2020,segunda-feira
20200721,21,7,julho,2020,terça-feira
20200722,22,7,julho,2020,quarta-feira
20200723,23,7,julho,2020,quinta-feira
20200724,24,7,julho,2020,sexta-feira
20200725,25,7,julho,2020,sábado
20200726,26,7,julho,2020,domingo
20200727,27,7,julho,2020,segunda-feira
20200728,28,7,julho,2020,terça-feira
20200729,29,7,julho,2020,quarta-feira
20200730,30,7,julho,2020,quinta-feira
20200731,31,7,julho,2020,sexta-feira
20200801,1,8,agosto,2020,sábado
20200802,2,8,agosto,2020,domingo
20200803,3,8,agosto,2020,segunda-feira
20200804,4,8,agosto,2020,terça-feira
20200805,5,8,agosto,2020,quarta-feira
20200806,6,8,agosto,2020,quinta-feira
20200807,7,8,agosto,2020,sexta-feira
20200808,8,8,agosto,2020,sábado
20200809,9,8,agosto,2020,domingo
20200810,10,8,agosto,2020,segunda-feira
20200811,11,8,agosto,2020,terça-feira
20200812,12,8,agosto,2020,quarta-feira
20200813,13,8,agosto,2020,quinta-feira
20200814,14,8,agosto,2020,sexta-feira
20200815,15,8,agosto,2020,sábado
20200816,16,8,agosto,2020,domingo
20200817,17,8,agosto,2020,segunda-feira
20200818,18,8,agosto,2020,terça-feira
20200819,19,8,agosto,2020,quarta-feira
20200820,20,8,agosto,2020,quinta-feira
20200821,21,8,agosto,2020,sexta-feira
20200822,22,8,agosto,2020,sábado
20200823,23,8,agosto,2020,domingo
20200824,24,8,agosto,2020,segunda-feira
20200825,25,8,agosto,2020,terça-feira
20200826,26,8,agosto,2020,quarta-feira
20200827,27,8,agosto,2020,quinta-feira
20200828,28,8,agosto,2020,sexta-feira
20200829,29,8,agosto,2020,sábado
20200830,30,8,agosto,2020,domingo
20200831,31,8,agosto,2020,segunda-feira
20200901,1,9,setembro,2020,terça-feira
20200902,2,9,setembro,2020,quarta-feira
20200903,3,9,setembro,2020,quinta-feira
20200904,4,9,setembro,2020,sexta-feira
20200905,5,9,setembro,2020,sábado
20200906,6,9,setembro,2020,domingo
20200907,7,9,setembro,2020,segunda-feira
20200908,8,9,setembro,2020,terça-feira
20200909,9,9,setembro,2020,quarta-feira
20200910,10,9,setembro,2020,quinta-feira
20200911,11,9,setembro,2020,sexta-feira
20200912,12,9,setembro,2020,sábado
20200913,13,9,setembro,2020,domingo
20200914,14,9,setembro,2020,segunda-feira
20200915,15,9,setembro,2020,terça-feira
20200916,16,9,setembro,2020,quarta-feira
20200917,17,9,setembro,2020,quinta-feira
20200918,18,9,setembro,2020,sexta-feira
20200919,19,9,setembro,2020,sábado
20200920,20,9,setembro,2020,domingo
20200921,21,9,setembro,2020,segunda-feira
20200922,22,9,setembro,2020,terça-feira
20200923,23,9,setembro,2020,quarta-feira
20200924,24,9,setembro,2020,quinta-feira
20200925,25,9,setembro,2020,sexta-feira
20200926,26,9,setembro,2020,sábado
20200927,27,9,setembro,2020,domingo
20200928,28,9,setembro,2020,segunda-feira
20200929,29,9,setembro,2020,terça-feira
20200930,30,9,setembro,2020,quarta-feira
20201001,1,10,outubro,2020,quinta-feira
20201002,2,10,outubro,2020,sexta-feira
20201003,3,10,outubro,2020,sábado
20201004,4,10,outubro,2020,domingo
20201005,5,10,outubro,2020,segunda-feira
20201006,6,10,outubro,2020,terça-feira
20201007,7,10,outubro,2020,quarta-feira
20201008,8,10,outubro,2020,quinta-feira
20201009,9,10,outubro,2020,sexta-feira
20201010,10,10,outubro,2020,sábado
20201011,11,10,outubro,2020,domingo
20201012,12,10,outubro,2020,segunda-feira
20201013,13,10,outubro,2020,terça-feira
20201014,14,10,outubro,2020,quarta-feira
20201015,15,10,outubro,2020,quinta-feira
20201016,16,10,outubro,2020,sexta-feira
20201017,17,10,outubro,2020,sábado
20201018,18,10,outubro,2020,domingo
20201019,19,10,outubro,2020,segunda-feira
20201020,20,10,outubro,2020,terça-feira
20201021,21,10,outubro,2020,quarta-feira
20201022,22,10,outubro,2020,quinta-feira
20201023,23,10,outubro,2020,sexta-feira
20201024,24,10,outubro,2020,sábado
20201025,25,10,outubro,2020,domingo
20201026,26,10,outubro,2020,segunda-feira
20201027,27,10,outubro,2020,terça-feira
20201028,28,10,outubro,2020,quarta-feira
20201029,29,10,outubro,2020,quinta-feira
20201030,30,10,outubro,2020,sexta-feira
20201031,31,10,outubro,2020,sábado
20201101,1,11,novembro,2020,domingo
20201102,2,11,novembro,2020,segunda-feira
20201103,3,11,novembro,2020,terça-feira
20201104,4,11,novembro,2020,quarta-feira
20201105,5,11,novembro,2020,quinta-feira
20201106,6,11,novembro,2020,sexta-feira
20201107,7,11,novembro,2020,sábado
20201108,8,11,novembro,2020,domingo
20201109,9,11,novembro,2020,segunda-feira
20201110,10,11,novembro,2020,terça-feira
20201111,11,11,novembro,2020,quarta-feira
20201112,12,11,novembro,2020,quinta-feira
20201113,13,11,novembro,2020,sexta-feira
20201114,14,11,novembro,2020,sábado
20201115,15,11,novembro,2020,domingo
20201116,16,11,novembro,2020,segunda-feira
20201117,17,11,novembro,2020,terça-feira
20201118,18,11,novembro,2020,quarta-feira
20201119,19,11,novembro,2020,quinta-feira
20201120,20,11,novembro,2020,sexta-feira
20201121,21,11,novembro,2020,sábado
20201122,22,11,novembro,2020,domingo
20201123,23,11,novembro,2020,segunda-feira
20201124,24,11,novembro,2020,terça-feira
20201125,25,11,novembro,2020,quarta-feira
20201126,26,11,novembro,2020,quinta-feira
20201127,27,11,novembro,2020,sexta-feira
20201128,28,11,novembro,2020,sábado
20201129,29,11,novembro,2020,domingo
20201130,30,11,novembro,2020,segunda-feira
20201201,1,12,dezembro,2020,terça-feira
20201202,2,12,dezembro,2020,quarta-feira
20201203,3,12,dezembro,2020,quinta-feira
20201204,4,12,dezembro,2020,sexta-feira
20201205,5,12,dezembro,2020,sábado
20201206,6,12,dezembro,2020,domingo
20201207,7,12,dezembro,2020,segunda-feira
20201208,8,12,dezembro,2020,terça-feira
20201209,9,12,dezembro,2020,quarta-feira
20201210,10,12,dezembro,2020,quinta-feira
20201211,11,12,dezembro,2020,sexta-feira
20201212,12,12,dezembro,2020,sábado
20201213,13,12,dezembro,2020,domingo
20201214,14,12,dezembro,2020,segunda-feira
20201215,15,12,dezembro,2020,terça-feira
20201216,16,12,dezembro,2020,quarta-feira
20201217,17,12,dezembro,2020,quinta-feira
20201218,18,12,dezembro,2020,sexta-feira
20201219,19,12,dezembro,2020,sábado
20201220,20,12,dezembro,2020,domingo
20201221,21,12,dezembro,2020,segunda-feira
20201222,22,12,dezembro,2020,terça-feira
20201223,23,12,dezembro,2020,quarta-feira
20201224,24,12,dezembro,2020,quinta-feira
20201225,25,12,dezembro,2020,sexta-feira
20201226,26,12,dezembro,2020,sábado
20201227,27,12,dezembro,2020,domingo
20201228,28,12,dezembro,2020,segunda-feira
20201229,29,12,dezembro,2020,terça-feira
20201230,30,12,dezembro,2020,quarta-feira
20201231,31,12,dezembro,2020,quinta-feira
20210101,1,1,janeiro,2021,sexta-feira
20210102,2,1,janeiro,2021,sábado
20210103,3,1,janeiro,2021,domingo
20210104,4,1,janeiro,2021,segunda-feira
20210105,5,1,janeiro,2021,terça-feira
20210106,6,1,janeiro,2021,quarta-feira
20210107,7,1,janeiro,2021,quinta-feira
20210108,8,1,janeiro,2021,sexta-feira
20210109,9,1,janeiro,2021,sábado
20210110,10,1,janeiro,2021,domingo
20210111,11,1,janeiro,2021,segunda-feira
20210112,12,1,janeiro,2021,terça-feira
20210113,13,1,janeiro,2021,quarta-feira
20210114,14,1,janeiro,2021,quinta-feira
20210115,15,1,janeiro,2021,sexta-feira
20210116,16,1,janeiro,2021,sábado
20210117,17,1,janeiro,2021,domingo
20210118,18,1,janeiro,2021,segunda-feira
20210119,19,1,janeiro,2021,terça-feira
20210120,20,1,janeiro,2021,quarta-feira
20210121,21,1,janeiro,2021,quinta-feira
20210122,22,1,janeiro,2021,sexta-feira
20210123,23,1,janeiro,2021,sábado
20210124,24,1,janeiro,2021,domingo
20210125,25,1,janeiro,2021,segunda-feira
20210126,26,1,janeiro,2021,terça-feira
20210127,27,1,janeiro,2021,quarta-feira
20210128,28,1,janeiro,2021,quinta-feira
20210129,29,1,janeiro,2021,sexta-feira
20210130,30,1,janeiro,2021,sábado
20210131,31,1,janeiro,2021,domingo
20210201,1,2,fevereiro,2021,segunda-feira
20210202,2,2,fevereiro,2021,terça-feira
20210203,3,2,fevereiro,2021,quarta-feira
20210204,4,2,fevereiro,2021,quinta-feira
20210205,5,2,fevereiro,2021,sexta-feira
20210206,6,2,fevereiro,2021,sábado
20210207,7,2,fevereiro,2021,domingo
20210208,8,2,fevereiro,2021,segunda-feira
20210209,9,2,fevereiro,2021,terça-feira
20210210,10,2,fevereiro,2021,quarta-feira
20210211,11,2,fevereiro,2021,quinta-feira
20210212,12,2,fevereiro,2021,sexta-feira
20210213,13,2,fevereiro,2021,sábado
20210214,14,2,fevereiro,2021,domingo
20210215,15,2,fevereiro,2021,segunda-feira
20210216,16,2,fevereiro,2021,terça-feira
20210217,17,2,fevereiro,2021,quarta-feira
20210218,18,2,fevereiro,2021,quinta-feira
20210219,19,2,fevereiro,2021,sexta-feira
20210220,20,2,fevereiro,2021,sábado
20210221,21,2,fevereiro,2021,domingo
20210222,22,2,fevereiro,2021,segunda-feira
20210223,23,2,fevereiro,2021,terça-feira
20210224,24,2,fevereiro,2021,quarta-feira
20210225,25,2,fevereiro,2021,quinta-feira
20210226,26,2,fevereiro,2021,sexta-feira
20210227,27,2,fevereiro,2021,sábado
20210228,28,2,fevereiro,2021,domingo
20210301,1,3,março,2021,segunda-feira
20210302,2,3,março,2021,terça-feira
20210303,3,3,março,2021,quarta-feira
20210304,4,3,março,2021,quinta-feira
20210305,5,3,março,2021,sexta-feira
20210306,6,3,março,2021,sábado
20210307,7,3,março,2021,domingo
20210308,8,3,março,2021,segunda-feira
20210309,9,3,março,2021,terça-feira
20210310,10,3,março,2021,quarta-feira
20210311,11,3,março,2021,quinta-feira
20210312,12,3,março,2021,sexta-feira
20210313,13,3,março,2021,sábado
20210314,14,3,março,2021,domingo
20210315,15,3,março,2021,segunda-feira
20210316,16,3,março,2021,terça-feira
20210317,17,3,março,2021,quarta-feira
20210318,18,3,março,2021,quinta-feira
20210319,19,3,março,2021,sexta-feira
20210320,20,3,março,2021,sábado
20210321,21,3,março,2021,domingo
20210322,22,3,março,2021,segunda-feira
20210323,23,3,março,2021,terça-feira
20210324,24,3,março,2021,quarta-feira
20210325,25,3,março,2021,quinta-feira
20210326,26,3,março,2021,sexta-feira
20210327,27,3,março,2021,sábado
20210328,28,3,março,2021,domingo
20210329,29,3,março,2021,segunda-feira
20210330,30,3,março,2021,terça-feira
20210331,31,3,março,2021,quarta-feira
20210401,1,4,abril,2021,quinta-feira
20210402,2,4,abril,2021,sexta-feira
20210403,3,4,abril,2021,sábado
20210404,4,4,abril,2021,domingo
20210405,5,4,abril,2021,segunda-feira
20210406,6,4,abril,2021,terça-feira
20210407,7,4,abril,2021,quarta-feira
20210408,8,4,abril,2021,quinta-feira
20210409,9,4,abril,2021,sexta-feira
20210410,10,4,abril,2021,sábado
20210411,11,4,abril,2021,domingo
20210412,12,4,abril,2021,segunda-feira
20210413,13,4,abril,2021,terça-feira
20210414,14,4,abril,2021,quarta-feira
20210415,15,4,abril,2021,quinta-feira
20210416,16,4,abril,2021,sexta-feira
20210417,17,4,abril,2021,sábado
20210418,18,4,abril,2021,domingo
20210419,19,4,abril,2021,segunda-feira
20210420,20,4,abril,2021,terça-feira
20210421,21,4,abril,2021,quarta-feira
20210422,22,4,abril,2021,quinta-feira
20210423,23,4,abril,2021,sexta-feira
20210424,24,4,abril,2021,sábado
20210425,25,4,abril,2021,domingo
20210426,26,4,abril,2021,segunda-feira
20210427,27,4,abril,2021,terça-feira
20210428,28,4,abril,2021,quarta-feira
20210429,29,4,abril,2021,quinta-feira
20210430,30,4,abril,2021,sexta-feira
20210501,1,5,maio,2021,sábado
20210502,2,5,maio,2021,domingo
20210503,3,5,maio,2021,segunda-feira
20210504,4,5,maio,2021,terça-feira
20210505,5,5,maio,2021,quarta-feira
20210506,6,5,maio,2021,quinta-feira
20210507,7,5,maio,2021,sexta-feira
20210508,8,5,maio,2021,sábado
20210509,9,5,maio,2021,domingo
20210510,10,5,maio,2021,segunda-feira
20210511,11,5,maio,2021,terça-feira
20210512,12,5,maio,2021,quarta-feira
20210513,13,5,maio,2021,quinta-feira
20210514,14,5,maio,2021,sexta-feira
20210515,15,5,maio,2021,sábado
20210516,16,5,maio,2021,domingo
20210517,17,5,maio,2021,segunda-feira
20210518,18,5,maio,2021,terça-feira
20210519,19,5,maio,2021,quarta-feira
20210520,20,5,maio,2021,quinta-feira
20210521,21,5,maio,2021,sexta-feira
20210522,22,5,maio,2021,sábado
20210523,23,5,maio,2021,domingo
20210524,24,5,maio,2021,segunda-feira
20210525,25,5,maio,2021,terça-feira
20210526,26,5,maio,2021,quarta-feira
20210527,27,5,maio,2021,quinta-feira
20210528,28,5,maio,2021,sexta-feira
20210529,29,5,maio,2021,sábado
20210530,30,5,maio,2021,domingo
20210531,31,5,maio,2021,segunda-feira
20210601,1,6,junho,2021,terça-feira
20210602,2,6,junho,2021,quarta-feira
20210603,3,6,junho,2021,quinta-feira
20210604,4,6,junho,2021,sexta-feira
20210605,5,6,junho,2021,sábado
20210606,6,6,junho,2021,domingo
20210607,7,6,junho,2021,segunda-feira
20210608,8,6,junho,2021,terça-feira
20210609,9,6,junho,2021,quarta-feira
20210610,10,6,junho,2021,quinta-feira
20210611,11,6,junho,2021,sexta-feira
20210612,12,6,junho,2021,sábado
20210613,13,6,junho,2021,domingo
20210614,14,6,junho,2021,segunda-feira
20210615,15,6,junho,2021,terça-feira
20210616,16,6,junho,2021,quarta-feira
20210617,17,6,junho,2021,quinta-feira
20210618,18,6,junho,2021,sexta-feira
20210619,19,6,junho,2021,sábado
20210620,20,6,junho,2021,domingo
20210621,21,6,junho,2021,segunda-feira
20210622,22,6,junho,2021,terça-feira
20210623,23,6,junho,2021,quarta-feira
20210624,24,6,junho,2021,quinta-feira
20210625,25,6,junho,2021,sexta-feira
20210626,26,6,junho,2021,sábado
20210627,27,6,junho,2021,domingo
20210628,28,6,junho,2021,segunda-feira
20210629,29,6,junho,2021,terça-feira
20210630,30,6,junho,2021,quarta-feira
20210701,1,7,julho,2021,quinta-feira
20210702,2,7,julho,2021,sexta-feira
20210703,3,7,julho,2021,sábado
20210704,4,7,julho,2021,domingo
20210705,5,7,julho,2021,segunda-feira
20210706,6,7,julho,2021,terça-feira
20210707,7,7,julho,2021,quarta-feira
20210708,8,7,julho,2021,quinta-feira
20210709,9,7,julho,2021,sexta-feira
20210710,10,7,julho,2021,sábado
20210711,11,7,julho,2021,domingo
20210712,12,7,julho,2021,segunda-feira
20210713,13,7,julho,2021,terça-feira
20210714,14,7,julho,2021,quarta-feira
20210715,15,7,julho,2021,quinta-feira
20210716,16,7,julho,2021,sexta-feira
20210717,17,7,julho,2021,sábado
20210718,18,7,julho,2021,domingo
20210719,19,7,julho,2021,segunda-feira
20210720,20,7,julho,2021,terça-feira
20210721,21,7,julho,2021,quarta-feira
20210722,22,7,julho,2021,quinta-feira
20210723,23,7,julho,2021,sexta-feira
20210724,24,7,julho,2021,sábado
20210725,25,7,julho,2021,domingo
20210726,26,7,julho,2021,segunda-feira
20210727,27,7,julho,2021,terça-feira
20210728,28,7,julho,2021,quarta-feira
20210729,29,7,julho,2021,quinta-feira
20210730,30,7,julho,2021,sexta-feira
20210731,31,7,julho,2021,sábado
20210801,1,8,agosto,2021,domingo
20210802,2,8,agosto,2021,segunda-feira
20210803,3,8,agosto,2021,terça-feira
20210804,4,8,agosto,2021,quarta-feira
20210805,5,8,agosto,2021,quinta-feira
20210806,6,8,agosto,2021,sexta-feira
20210807,7,8,agosto,2021,sábado
20210808,8,8,agosto,2021,domingo
20210809,9,8,agosto,2021,segunda-feira
20210810,10,8,agosto,2021,terça-feira
20210811,11,8,agosto,2021,quarta-feira
20210812,12,8,agosto,2021,quinta-feira
20210813,13,8,agosto,2021,sexta-feira
20210814,14,8,agosto,2021,sábado
20210815,15,8,agosto,2021,domingo
20210816,16,8,agosto,2021,segunda-feira
20210817,17,8,agosto,2021,terça-feira
20210818,18,8,agosto,2021,quarta-feira
20210819,19,8,agosto,2021,quinta-feira
20210820,20,8,agosto,2021,sexta-feira
20210821,21,8,agosto,2021,sábado
20210822,22,8,agosto,2021,domingo
20210823,23,8,agosto,2021,segunda-feira
20210824,24,8,agosto,2021,terça-feira
20210825,25,8,agosto,2021,quarta-feira
20210826,26,8,agosto,2021,quinta-feira
20210827,27,8,agosto,2021,sexta-feira
20210828,28,8,agosto,2021,sábado
20210829,29,8,agosto,2021,domingo
20210830,30,8,agosto,2021,segunda-feira
20210831,31,8,agosto,2021,terça-feira
20210901,1,9,setembro,2021,quarta-feira
20210902,2,9,setembro,2021,quinta-feira
20210903,3,9,setembro,2021,sexta-feira
20210904,4,9,setembro,2021,sábado
20210905,5,9,setembro,2021,domingo
20210906,6,9,setembro,2021,segunda-feira
20210907,7,9,setembro,2021,terça-feira
20210908,8,9,setembro,2021,quarta-feira
20210909,9,9,setembro,2021,quinta-feira
20210910,10,9,setembro,2021,sexta-feira
20210911,11,9,setembro,2021,sábado
20210912,12,9,setembro,2021,domingo
20210913,13,9,setembro,2021,segunda-feira
20210914,14,9,setembro,2021,terça-feira
20210915,15,9,setembro,2021,quarta-feira
20210916,16,9,setembro,2021,quinta-feira
20210917,17,9,setembro,2021,sexta-feira
20210918,18,9,setembro,2021,sábado
20210919,19,9,setembro,2021,domingo
20210920,20,9,setembro,2021,segunda-feira
20210921,21,9,setembro,2021,terça-feira
20210922,22,9,setembro,2021,quarta-feira
20210923,23,9,setembro,2021,quinta-feira
20210924,24,9,setembro,2021,sexta-feira
20210925,25,9,setembro,2021,sábado
20210926,26,9,setembro,2021,domingo
20210927,27,9,setembro,2021,segunda-feira
20210928,28,9,setembro,2021,terça-feira
20210929,29,9,setembro,2021,quarta-feira
20210930,30,9,setembro,2021,quinta-feira
20211001,1,10,outubro,2021,sexta-feira
20211002,2,10,outubro,2021,sábado
20211003,3,10,outubro,2021,domingo
20211004,4,10,outubro,2021,segunda-feira
20211005,5,10,outubro,2021,terça-feira
20211006,6,10,outubro,2021,quarta-feira
20211007,7,10,outubro,2021,quinta-feira
20211008,8,10,outubro,2021,sexta-feira
20211009,9,10,outubro,2021,sábado
20211010,10,10,outubro,2021,domingo
20211011,11,10,outubro,2021,segunda-feira
20211012,12,10,outubro,2021,terça-feira
20211013,13,10,outubro,2021,quarta-feira
20211014,14,10,outubro,2021,quinta-feira
20211015,15,10,outubro,2021,sexta-feira
20211016,16,10,outubro,2021,sábado
20211017,17,10,outubro,2021,domingo
20211018,18,10,outubro,2021,segunda-feira
20211019,19,10,outubro,2021,terça-feira
20211020,20,10,outubro,2021,quarta-feira
20211021,21,10,outubro,2021,quinta-feira
20211022,22,10,outubro,2021,sexta-feira
20211023,23,10,outubro,2021,sábado
20211024,24,10,outubro,2021,domingo
20211025,25,10,outubro,2021,segunda-feira
20211026,26,10,outubro,2021,terça-feira
20211027,27,10,outubro,2021,quarta-feira
20211028,28,10,outubro,2021,quinta-feira
20211029,29,10,outubro,2021,sexta-feira
20211030,30,10,outubro,2021,sábado
20211031,31,10,outubro,2021,domingo
20211101,1,11,novembro,2021,segunda-feira
20211102,2,11,novembro,2021,terça-feira
20211103,3,11,novembro,2021,quarta-feira
20211104,4,11,novembro,2021,quinta-feira
20211105,5,11,novembro,2021,sexta-feira
20211106,6,11,novembro,2021,sábado
20211107,7,11,novembro,2021,domingo
20211108,8,11,novembro,2021,segunda-feira
20211109,9,11,novembro,2021,terça-feira
20211110,10,11,novembro,2021,quarta-feira
20211111,11,11,novembro,2021,quinta-feira
20211112,12,11,novembro,2021,sexta-feira
20211113,13,11,novembro,2021,sábado
20211114,14,11,novembro,2021,domingo
20211115,15,11,novembro,2021,segunda-feira
20211116,16,11,novembro,2021,terça-feira
20211117,17,11,novembro,2021,quarta-feira
20211118,18,11,novembro,2021,quinta-feira
20211119,19,11,novembro,2021,sexta-feira
20211120,20,11,novembro,2021,sábado
20211121,21,11,novembro,2021,domingo
20211122,22,11,novembro,2021,segunda-feira
20211123,23,11,novembro,2021,terça-feira
20211124,24,11,novembro,2021,quarta-feira
20211125,25,11,novembro,2021,quinta-feira
20211126,26,11,novembro,2021,sexta-feira
20211127,27,11,novembro,2021,sábado
20211128,28,11,novembro,2021,domingo
20211129,29,11,novembro,2021,segunda-feira
20211130,30,11,novembro,2021,terça-feira
20211201,1,12,dezembro,2021,quarta-feira
20211202,2,12,dezembro,2021,quinta-feira
20211203,3,12,dezembro,2021,sexta-feira
20211204,4,12,dezembro,2021,sábado
20211205,5,12,dezembro,2021,domingo
20211206,6,12,dezembro,2021,segunda-feira
20211207,7,12,dezembro,2021,terça-feira
20211208,8,12,dezembro,2021,quarta-feira
20211209,9,12,dezembro,2021,quinta-feira
20211210,10,12,dezembro,2021,sexta-feira
20211211,11,12,dezembro,2021,sábado
20211212,12,12,dezembro,2021,domingo
20211213,13,12,dezembro,2021,segunda-feira
20211214,14,12,dezembro,2021,terça-feira
20211215,15,12,dezembro,2021,quarta-feira
20211216,16,12,dezembro,2021,quinta-feira
20211217,17,12,dezembro,2021,sexta-feira
20211218,18,12,dezembro,2021,sábado
20211219,19,12,dezembro,2021,domingo
20211220,20,12,dezembro,2021,segunda-feira
20211221,21,12,dezembro,2021,terça-feira
20211222,22,12,dezembro,2021,quarta-feira
20211223,23,12,dezembro,2021,quinta-feira
20211224,24,12,dezembro,2021,sexta-feira
20211225,25,12,dezembro,2021,sábado
20211226,26,12,dezembro,2021,domingo
20211227,27,12,dezembro,2021,segunda-feira
20211228,28,12,dezembro,2021,terça-feira
20211229,29,12,dezembro,2021,quarta-feira
20211230,30,12,dezembro,2021,quinta-feira
20211231,31,12,dezembro,2021,sexta-feira
20220101,1,1,janeiro,2022,sábado
20220102,2,1,janeiro,2022,domingo
20220103,3,1,janeiro,2022,segunda-feira
20220104,4,1,janeiro,2022,terça-feira
20220105,5,1,janeiro,2022,quarta-feira
20220106,6,1,janeiro,2022,quinta-feira
20220107,7,1,janeiro,2022,sexta-feira
20220108,8,1,janeiro,2022,sábado
20220109,9,1,janeiro,2022,domingo
20220110,10,1,janeiro,2022,segunda-feira
20220111,11,1,janeiro,2022,terça-feira
20220112,12,1,janeiro,2022,quarta-feira
20220113,13,1,janeiro,2022,quinta-feira
20220114,14,1,janeiro,2022,sexta-feira
20220115,15,1,janeiro,2022,sábado
20220116,16,1,janeiro,2022,domingo
20220117,17,1,janeiro,2022,segunda-feira
20220118,18,1,janeiro,2022,terça-feira
20220119,19,1,janeiro,2022,quarta-feira
20220120,20,1,janeiro,2022,quinta-feira
20220121,21,1,janeiro,2022,sexta-feira
20220122,22,1,janeiro,2022,sábado
20220123,23,1,janeiro,2022,domingo
20220124,24,1,janeiro,2022,segunda-feira
20220125,25,1,janeiro,2022,terça-feira
20220126,26,1,janeiro,2022,quarta-feira
20220127,27,1,janeiro,2022,quinta-feira
20220128,28,1,janeiro,2022,sexta-feira
20220129,29,1,janeiro,2022,sábado
20220130,30,1,janeiro,2022,domingo
20220131,31,1,janeiro,2022,segunda-feira
20220201,1,2,fevereiro,2022,terça-feira
20220202,2,2,fevereiro,2022,quarta-feira
20220203,3,2,fevereiro,2022,quinta-feira
20220204,4,2,fevereiro,2022,sexta-feira
20220205,5,2,fevereiro,2022,sábado
20220206,6,2,fevereiro,2022,domingo
20220207,7,2,fevereiro,2022,segunda-feira
20220208,8,2,fevereiro,2022,terça-feira
20220209,9,2,fevereiro,2022,quarta-feira
20220210,10,2,fevereiro,2022,quinta-feira
20220211,11,2,fevereiro,2022,sexta-feira
20220212,12,2,fevereiro,2022,sábado
20220213,13,2,fevereiro,2022,domingo
20220214,14,2,fevereiro,2022,segunda-feira
20220215,15,2,fevereiro,2022,terça-feira
20220216,16,2,fevereiro,2022,quarta-feira
20220217,17,2,fevereiro,2022,quinta-feira
20220218,18,2,fevereiro,2022,sexta-feira
20220219,19,2,fevereiro,2022,sábado
20220220,20,2,fevereiro,2022,domingo
20220221,21,2,fevereiro,2022,segunda-feira
20220222,22,2,fevereiro,2022,terça-feira
20220223,23,2,fevereiro,2022,quarta-feira
20220224,24,2,fevereiro,2022,quinta-feira
20220225,25,2,fevereiro,2022,sexta-feira
20220226,26,2,fevereiro,2022,sábado
20220227,27,2,fevereiro,2022,domingo
20220228,28,2,fevereiro,2022,segunda-feira
20220301,1,3,março,2022,terça-feira
20220302,2,3,março,2022,quarta-feira
20220303,3,3,março,2022,quinta-feira
20220304,4,3,março,2022,sexta-feira
20220305,5,3,março,2022,sábado
20220306,6,3,março,2022,domingo
20220307,7,3,março,2022,segunda-feira
20220308,8,3,março,2022,terça-feira
20220309,9,3,março,2022,quarta-feira
20220310,10,3,março,2022,quinta-feira
20220311,11,3,março,2022,sexta-feira
20220312,12,3,março,2022,sábado
20220313,13,3,março,2022,domingo
20220314,14,3,março,2022,segunda-feira
20220315,15,3,março,2022,terça-feira
20220316,16,3,março,2022,quarta-feira
20220317,17,3,março,2022,quinta-feira
20220318,18,3,março,2022,sexta-feira
20220319,19,3,março,2022,sábado
20220320,20,3,março,2022,domingo
20220321,21,3,março,2022,segunda-feira
20220322,22,3,março,2022,terça-feira
20220323,23,3,março,2022,quarta-feira
20220324,24,3,março,2022,quinta-feira
20220325,25,3,março,2022,sexta-feira
20220326,26,3,março,2022,sábado
20220327,27,3,março,2022,domingo
20220328,28,3,março,2022,segunda-feira
20220329,29,3,março,2022,terça-feira
20220330,30,3,março,2022,quarta-feira
20220331,31,3,março,2022,quinta-feira
20220401,1,4,abril,2022,sexta-feira
20220402,2,4,abril,2022,sábado
20220403,3,4,abril,2022,domingo
20220404,4,4,abril,2022,segunda-feira
20220405,5,4,abril,2022,terça-feira
20220406,6,4,abril,2022,quarta-feira
20220407,7,4,abril,2022,quinta-feira
20220408,8,4,abril,2022,sexta-feira
20220409,9,4,abril,2022,sábado
20220410,10,4,abril,2022,domingo
20220411,11,4,abril,2022,segunda-feira
20220412,12,4,abril,2022,terça-feira
20220413,13,4,abril,2022,quarta-feira
20220414,14,4,abril,2022,quinta-feira
20220415,15,4,abril,2022,sexta-feira
20220416,16,4,abril,2022,sábado
20220417,17,4,abril,2022,domingo
20220418,18,4,abril,2022,segunda-feira
20220419,19,4,abril,2022,terça-feira
20220420,20,4,abril,2022,quarta-feira
20220421,21,4,abril,2022,quinta-feira
20220422,22,4,abril,2022,sexta-feira
20220423,23,4,abril,2022,sábado
20220424,24,4,abril,2022,domingo
20220425,25,4,abril,2022,segunda-feira
20220426,26,4,abril,2022,terça-feira
20220427,27,4,abril,2022,quarta-feira
20220428,28,4,abril,2022,quinta-feira
20220429,29,4,abril,2022,sexta-feira
20220430,30,4,abril,2022,sábado
20220501,1,5,maio,2022,domingo
20220502,2,5,maio,2022,segunda-feira
20220503,3,5,maio,2022,terça-feira
20220504,4,5,maio,2022,quarta-feira
20220505,5,5,maio,2022,quinta-feira
20220506,6,5,maio,2022,sexta-feira
20220507,7,5,maio,2022,sábado
20220508,8,5,maio,2022,domingo
20220509,9,5,maio,2022,segunda-feira
20220510,10,5,maio,2022,terça-feira
20220511,11,5,maio,2022,quarta-feira
20220512,12,5,maio,2022,quinta-feira
20220513,13,5,maio,2022,sexta-feira
20220514,14,5,maio,2022,sábado
20220515,15,5,maio,2022,domingo
20220516,16,5,maio,2022,segunda-feira
20220517,17,5,maio,2022,terça-feira
20220518,18,5,maio,2022,quarta-feira
20220519,19,5,maio,2022,quinta-feira
20220520,20,5,maio,2022,sexta-feira
20220521,21,5,maio,2022,sábado
20220522,22,5,maio,2022,domingo
20220523,23,5,maio,2022,segunda-feira
20220524,24,5,maio,2022,terça-feira
20220525,25,5,maio,2022,quarta-feira
20220526,26,5,maio,2022,quinta-feira
20220527,27,5,maio,2022,sexta-feira
20220528,28,5,maio,2022,sábado
20220529,29,5,maio,2022,domingo
20220530,30,5,maio,2022,segunda-feira
20220531,31,5,maio,2022,terça-feira
20220601,1,6,junho,2022,quarta-feira
20220602,2,6,junho,2022,quinta-feira
20220603,3,6,junho,2022,sexta-feira
20220604,4,6,junho,2022,sábado
20220605,5,6,junho,2022,domingo
20220606,6,6,junho,2022,segunda-feira
20220607,7,6,junho,2022,terça-feira
20220608,8,6,junho,2022,quarta-feira
20220609,9,6,junho,2022,quinta-feira
20220610,10,6,junho,2022,sexta-feira
20220611,11,6,junho,2022,sábado
20220612,12,6,junho,2022,domingo
20220613,13,6,junho,2022,segunda-feira
20220614,14,6,junho,2022,terça-feira
20220615,15,6,junho,2022,quarta-feira
20220616,16,6,junho,2022,quinta-feira
20220617,17,6,junho,2022,sexta-feira
20220618,18,6,junho,2022,sábado
20220619,19,6,junho,2022,domingo
20220620,20,6,junho,2022,segunda-feira
20220621,21,6,junho,2022,terça-feira
20220622,22,6,junho,2022,quarta-feira
20220623,23,6,junho,2022,quinta-feira
20220624,24,6,junho,2022,sexta-feira
20220625,25,6,junho,2022,sábado
20220626,26,6,junho,2022,domingo
20220627,27,6,junho,2022,segunda-feira
20220628,28,6,junho,2022,terça-feira
20220629,29,6,junho,2022,quarta-feira
20220630,30,6,junho,2022,quinta-feira
20220701,1,7,julho,2022,sexta-feira
20220702,2,7,julho,2022,sábado
20220703,3,7,julho,2022,domingo
20220704,4,7,julho,2022,segunda-feira
20220705,5,7,julho,2022,terça-feira
20220706,6,7,julho,2022,quarta-feira
20220707,7,7,julho,2022,quinta-feira
20220708,8,7,julho,2022,sexta-feira
20220709,9,7,julho,2022,sábado
20220710,10,7,julho,2022,domingo
20220711,11,7,julho,2022,segunda-feira
20220712,12,7,julho,2022,terça-feira
20220713,13,7,julho,2022,quarta-feira
20220714,14,7,julho,2022,quinta-feira
20220715,15,7,julho,2022,sexta-feira
20220716,16,7,julho,2022,sábado
20220717,17,7,julho,2022,domingo
20220718,18,7,julho,2022,segunda-feira
20220719,19,7,julho,2022,terça-feira
20220720,20,7,julho,2022,quarta-feira
20220721,21,7,julho,2022,quinta-feira
20220722,22,7,julho,2022,sexta-feira
20220723,23,7,julho,2022,sábado
20220724,24,7,julho,2022,domingo
20220725,25,7,julho,2022,segunda-feira
20220726,26,7,julho,2022,terça-feira
20220727,27,7,julho,2022,quarta-feira
20220728,28,7,julho,2022,quinta-feira
20220729,29,7,julho,2022,sexta-feira
20220730,30,7,julho,2022,sábado
20220731,31,7,julho,2022,domingo
20220801,1,8,agosto,2022,segunda-feira
20220802,2,8,agosto,2022,terça-feira
20220803,3,8,agosto,2022,quarta-feira
20220804,4,8,agosto,2022,quinta-feira
20220805,5,8,agosto,2022,sexta-feira
20220806,6,8,agosto,2022,sábado
20220807,7,8,agosto,2022,domingo
20220808,8,8,agosto,2022,segunda-feira
20220809,9,8,agosto,2022,terça-feira
20220810,10,8,agosto,2022,quarta-feira
20220811,11,8,agosto,2022,quinta-feira
20220812,12,8,agosto,2022,sexta-feira
20220813,13,8,agosto,2022,sábado
20220814,14,8,agosto,2022,domingo
20220815,15,8,agosto,2022,segunda-feira
20220816,16,8,agosto,2022,terça-feira
20220817,17,8,agosto,2022,quarta-feira
20220818,18,8,agosto,2022,quinta-feira
20220819,19,8,agosto,2022,sexta-feira
20220820,20,8,agosto,2022,sábado
20220821,21,8,agosto,2022,domingo
20220822,22,8,agosto,2022,segunda-feira
20220823,23,8,agosto,2022,terça-feira
20220824,24,8,agosto,2022,quarta-feira
20220825,25,8,agosto,2022,quinta-feira
20220826,26,8,agosto,2022,sexta-feira
20220827,27,8,agosto,2022,sábado
20220828,28,8,agosto,2022,domingo
20220829,29,8,agosto,2022,segunda-feira
20220830,30,8,agosto,2022,terça-feira
20220831,31,8,agosto,2022,quarta-feira
20220901,1,9,setembro,2022,quinta-feira
20220902,2,9,setembro,2022,sexta-feira
20220903,3,9,setembro,2022,sábado
20220904,4,9,setembro,2022,domingo
20220905,5,9,setembro,2022,segunda-feira
20220906,6,9,setembro,2022,terça-feira
20220907,7,9,setembro,2022,quarta-feira
20220908,8,9,setembro,2022,quinta-feira
20220909,9,9,setembro,2022,sexta-feira
20220910,10,9,setembro,2022,sábado
20220911,11,9,setembro,2022,domingo
20220912,12,9,setembro,2022,segunda-feira
20220913,13,9,setembro,2022,terça-feira
20220914,14,9,setembro,2022,quarta-feira
20220915,15,9,setembro,2022,quinta-feira
20220916,16,9,setembro,2022,sexta-feira
20220917,17,9,setembro,2022,sábado
20220918,18,9,setembro,2022,domingo
20220919,19,9,setembro,2022,segunda-feira
20220920,20,9,setembro,2022,terça-feira
20220921,21,9,setembro,2022,quarta-feira
20220922,22,9,setembro,2022,quinta-feira
20220923,23,9,setembro,2022,sexta-feira
20220924,24,9,setembro,2022,sábado
20220925,25,9,setembro,2022,domingo
20220926,26,9,setembro,2022,segunda-feira
20220927,27,9,setembro,2022,terça-feira
20220928,28,9,setembro,2022,quarta-feira
20220929,29,9,setembro,2022,quinta-feira
20220930,30,9,setembro,2022,sexta-feira
20221001,1,10,outubro,2022,sábado
20221002,2,10,outubro,2022,domingo
20221003,3,10,outubro,2022,segunda-feira
20221004,4,10,outubro,2022,terça-feira
20221005,5,10,outubro,2022,quarta-feira
20221006,6,10,outubro,2022,quinta-feira
20221007,7,10,outubro,2022,sexta-feira
20221008,8,10,outubro,2022,sábado
20221009,9,10,outubro,2022,domingo
20221010,10,10,outubro,2022,segunda-feira
20221011,11,10,outubro,2022,terça-feira
20221012,12,10,outubro,2022,quarta-feira
20221013,13,10,outubro,2022,quinta-feira
20221014,14,10,outubro,2022,sexta-feira
20221015,15,10,outubro,2022,sábado
20221016,16,10,outubro,2022,domingo
20221017,17,10,outubro,2022,segunda-feira
20221018,18,10,outubro,2022,terça-feira
20221019,19,10,outubro,2022,quarta-feira
20221020,20,10,outubro,2022,quinta-feira
20221021,21,10,outubro,2022,sexta-feira
20221022,22,10,outubro,2022,sábado
20221023,23,10,outubro,2022,domingo
20221024,24,10,outubro,2022,segunda-feira
20221025,25,10,outubro,2022,terça-feira
20221026,26,10,outubro,2022,quarta-feira
20221027,27,10,outubro,2022,quinta-feira
20221028,28,10,outubro,2022,sexta-feira
20221029,29,10,outubro,2022,sábado
20221030,30,10,outubro,2022,domingo
20221031,31,10,outubro,2022,segunda-feira
20221101,1,11,novembro,2022,terça-feira
20221102,2,11,novembro,2022,quarta-feira
20221103,3,11,novembro,2022,quinta-feira
20221104,4,11,novembro,2022,sexta-feira
20221105,5,11,novembro,2022,sábado
20221106,6,11,novembro,2022,domingo
20221107,7,11,novembro,2022,segunda-feira
20221108,8,11,novembro,2022,terça-feira
20221109,9,11,novembro,2022,quarta-feira
20221110,10,11,novembro,2022,quinta-feira
20221111,11,11,novembro,2022,sexta-feira
20221112,12,11,novembro,2022,sábado
20221113,13,11,novembro,2022,domingo
20221114,14,11,novembro,2022,segunda-feira
20221115,15,11,novembro,2022,terça-feira
20221116,16,11,novembro,2022,quarta-feira
20221117,17,11,novembro,2022,quinta-feira
20221118,18,11,novembro,2022,sexta-feira
20221119,19,11,novembro,2022,sábado
20221120,20,11,novembro,2022,domingo
20221121,21,11,novembro,2022,segunda-feira
20221122,22,11,novembro,2022,terça-feira
20221123,23,11,novembro,2022,quarta-feira
20221124,24,11,novembro,2022,quinta-feira
20221125,25,11,novembro,2022,sexta-feira
20221126,26,11,novembro,2022,sábado
20221127,27,11,novembro,2022,domingo
20221128,28,11,novembro,2022,segunda-feira
20221129,29,11,novembro,2022,terça-feira
20221130,30,11,novembro,2022,quarta-feira
20221201,1,12,dezembro,2022,quinta-feira
20221202,2,12,dezembro,2022,sexta-feira
20221203,3,12,dezembro,2022,sábado
20221204,4,12,dezembro,2022,domingo
20221205,5,12,dezembro,2022,segunda-feira
20221206,6,12,dezembro,2022,terça-feira
20221207,7,12,dezembro,2022,quarta-feira
20221208,8,12,dezembro,2022,quinta-feira
20221209,9,12,dezembro,2022,sexta-feira
20221210,10,12,dezembro,2022,sábado
20221211,11,12,dezembro,2022,domingo
20221212,12,12,dezembro,2022,segunda-feira
20221213,13,12,dezembro,2022,terça-feira
20221214,14,12,dezembro,2022,quarta-feira
20221215,15,12,dezembro,2022,quinta-feira
20221216,16,12,dezembro,2022,sexta-feira
20221217,17,12,dezembro,2022,sábado
20221218,18,12,dezembro,2022,domingo
20221219,19,12,dezembro,2022,segunda-feira
20221220,20,12,dezembro,2022,terça-feira
20221221,21,12,dezembro,2022,quarta-feira
20221222,22,12,dezembro,2022,quinta-feira
20221223,23,12,dezembro,2022,sexta-feira
20221224,24,12,dezembro,2022,sábado
20221225,25,12,dezembro,2022,domingo
20221226,26,12,dezembro,2022,segunda-feira
20221227,27,12,dezembro,2022,terça-feira
20221228,28,12,dezembro,2022,quarta-feira
20221229,29,12,dezembro,2022,quinta-feira
20221230,30,12,dezembro,2022,sexta-feira
20221231,31,12,dezembro,2022,sábado
